{"cameraMode":{"drawMode":0,"name":"Shaded","section":"Shading Mode"},"sceneLighting":false,"audioPlay":false,"sceneViewState":{"m_AlwaysRefresh":false,"showFog":true,"showSkybox":false,"showFlares":true,"showImageEffects":true,"showParticleSystems":true,"showVisualEffectGraphs":true,"m_FxEnabled":true},"in2DMode":false,"pivot":{"x":-0.18156152963638307,"y":0.10995054244995117,"z":0.16130304336547852},"rotation":{"x":-0.00910099595785141,"y":0.2105017900466919,"z":-0.0019596456550061704,"w":-0.97754967212677},"size":0.6344317197799683,"orthographic":false}