{"cameraMode":{"drawMode":0,"name":"Shaded","section":"Shading Mode"},"sceneLighting":true,"audioPlay":false,"sceneViewState":{"m_AlwaysRefresh":false,"showFog":true,"showSkybox":true,"showFlares":true,"showImageEffects":true,"showParticleSystems":true,"showVisualEffectGraphs":true,"m_FxEnabled":true},"in2DMode":false,"pivot":{"x":-1.434133529663086,"y":0.688007652759552,"z":-0.18281184136867524},"rotation":{"x":-0.021062511950731279,"y":0.15147915482521058,"z":-0.0032266860362142326,"w":-0.988236665725708},"size":0.8660253882408142,"orthographic":true}